club,Coach,Matchday,Rank,PPG,last_match,last_match_teams_rank,Leaving date,Days in charge,Successor,Rank1,PPG1,first_match,year
Chelsea FC,David Webb,42,11,1.46,Sheffield United 4:2 Chelsea FC,4:2,"Jun 30, 1993",134,Glenn Hoddle,-,-,Sheffield United  Chelsea FC,1992
Tottenham Hotspur,Doug Livermore,37,7,1.40,Arsenal FC 1:3 Tottenham Hotspur,1:3,"Jun 19, 1993",388,Osvaldo Ardiles,-,-,Arsenal FC  Tottenham Hotspur,1992
Tottenham Hotspur,Ray Clemence,-,-,-,,,"Jun 19, 1993",388,Osvaldo Ardiles,-,-,,1992
Crystal Palace,Steve Coppell,42,20,1.17,Arsenal FC 3:0 Crystal Palace,3:0,"May 17, 1993",3209,Alan Smith,-,-,Arsenal FC  Crystal Palace,1992
Nottingham Forest,Brian Clough,42,22,0.95,Ipswich Town 2:1 Nottingham Forest,2:1,"May 8, 1993",6700,Frank Clark,-,-,Ipswich Town  Nottingham Forest,1992
Chelsea FC,Ian Porterfield,29,13,1.28,Chelsea FC 0:1 Aston Villa,0:1,"Feb 15, 1993",595,David Webb,11,1.46,Chelsea FC 2:0 Aston Villa,1992
Liverpool FC,Graeme Souness,26,5,1.65,Liverpool FC 0:1 Bristol City,0:1,"Jan 28, 1994",1018,Roy Evans,8,1.06,Liverpool FC 2:2 Bristol City,1993
Southampton FC,John Mortimore,-,-,-,Port Vale FC 1:0 Southampton FC,1:0,"Jan 19, 1994",8,Alan Ball,18,1.29,Port Vale FC 1:2 Southampton FC,1993
Southampton FC,Ian Branfoot,23,20,0.75,Southampton FC 1:1 Port Vale FC,1:1,"Jan 10, 1994",944,John Mortimore,-,-,Southampton FC 1:0 Port Vale FC,1993
Norwich City,Mike Walker,24,7,1.61,Norwich City 1:2 Newcastle United,1:2,"Jan 6, 1994",554,John Deehan,12,0.84,Norwich City 1:1 Newcastle United,1993
Everton FC,Jimmy Gabriel,24,16,0.17,Chelsea FC 4:2 Everton FC,4:2,"Jan 3, 1994",26,Mike Walker,17,1.12,Chelsea FC 6:2 Everton FC,1993
Coventry City,Bobby Gould,11,13,1.36,Coventry City 1:1 Southampton FC,1:1,"Dec 31, 1993",548,Ron Atkinson,-,-,Coventry City  Southampton FC,1993
Everton FC,Howard Kendall,18,11,1.33,Everton FC 1:0 Southampton FC,1:0,"Dec 4, 1993",1120,Jimmy Gabriel,16,0.17,Everton FC 0:0 Southampton FC,1993
Manchester City,Tony Book,5,20,1.00,Manchester City 1:1 Coventry City,1:1,"Aug 28, 1993",2,Brian Horton,16,1.16,Manchester City 1:3 Coventry City,1993
Manchester City,Peter Reid,4,20,0.25,Manchester City 0:2 Blackburn Rovers,0:2,"Aug 26, 1993",1015,Tony Book,20,1.00,Manchester City 1:1 Blackburn Rovers,1993
Swindon Town,Glenn Hoddle,-,-,-,,,"Jun 4, 1993",792,John Gorman,22,0.71,,1993
Southampton FC,Alan Ball,42,10,1.29,Southampton FC 2:2 Leicester City,2:2,"Jun 30, 1995",526,Lawrie McMenemy,-,-,Southampton FC  Leicester City,1994
Blackburn Rovers,Sir Kenny Dalglish,42,1,2.12,Liverpool FC 2:1 Blackburn Rovers,2:1,"Jun 30, 1995",,Ray Harford,-,-,Liverpool FC  Blackburn Rovers,1994
Norwich City,Gary Megson,-,-,-,,,"Jun 30, 1995",82,Martin O'Neill,-,-,,1994
Arsenal FC,Stewart Houston,42,12,1.21,Chelsea FC 2:1 Arsenal FC,2:1,"Jun 15, 1995",114,Bruce Rioch,-,-,Chelsea FC  Arsenal FC,1994
Manchester City,Brian Horton,42,17,1.17,Manchester City 2:3 Queens Park Rangers,2:3,"May 16, 1995",626,Alan Ball,-,-,Manchester City  Queens Park Rangers,1994
Crystal Palace,Alan Smith,42,19,1.07,Newcastle United 3:2 Crystal Palace,3:2,"May 15, 1995",711,Steve Coppell,-,-,Newcastle United  Crystal Palace,1994
Norwich City,John Deehan,36,16,1.08,Newcastle United 3:0 Norwich City,3:0,"Apr 9, 1995",457,Gary Megson,-,-,Newcastle United  Norwich City,1994
Arsenal FC,George Graham,28,10,1.21,Arsenal FC 1:1 Leicester City,1:1,"Feb 21, 1995",3205,Stewart Houston,12,1.21,Arsenal FC 1:0 Leicester City,1994
Coventry City,Phil Neal,28,14,1.11,Crystal Palace 0:2 Coventry City,0:2,"Feb 14, 1995",479,Gordon Strachan,-,-,Crystal Palace  Coventry City,1994
Ipswich Town,Paul Goddard,20,22,0.67,West Ham United 1:1 Ipswich Town,1:1,"Dec 28, 1994",23,George Burley,22,0.64,West Ham United 0:2 Ipswich Town,1994
Leicester City,Kevin MacDonald,18,21,1.00,Newcastle United 3:1 Leicester City,3:1,"Dec 14, 1994",22,Mark McGhee,21,0.67,Newcastle United 0:0 Leicester City,1994
Ipswich Town,John Lyall,17,22,0.65,Ipswich Town 1:2 Manchester City,1:2,"Dec 5, 1994",1669,Paul Goddard,22,0.67,Ipswich Town 4:1 Manchester City,1994
Leicester City,Brian Little,15,20,0.64,Leicester City 0:1 Manchester City,0:1,"Nov 22, 1994",1272,Kevin MacDonald,21,1.00,Leicester City 2:1 Manchester City,1994
Tottenham Hotspur,Steve Perryman,14,13,0.00,Blackburn Rovers 2:0 Tottenham Hotspur,2:0,"Nov 15, 1994",14,Gerry Francis,7,1.55,Blackburn Rovers 3:4 Tottenham Hotspur,1994
Queens Park Rangers,Gerry Francis,13,16,0.93,Newcastle United 2:1 Queens Park Rangers,2:1,"Nov 11, 1994",1259,Ray Wilkins,8,1.68,Newcastle United 3:2 Queens Park Rangers,1994
Aston Villa,Ron Atkinson,14,19,0.71,Wimbledon FC (- 2004) 4:3 Aston Villa,4:3,"Nov 10, 1994",1228,Brian Little,18,1.30,Wimbledon FC (- 2004) 1:1 Aston Villa,1994
Everton FC,Mike Walker,13,22,0.57,Norwich City 0:0 Everton FC,0:0,"Nov 8, 1994",305,Joe Royle,15,1.50,Norwich City 2:0 Everton FC,1994
Tottenham Hotspur,Osvaldo Ardiles,12,11,1.42,Tottenham Hotspur 3:1 West Ham United,3:1,"Nov 1, 1994",500,Steve Perryman,13,0.00,Tottenham Hotspur 2:0 West Ham United,1994
West Ham United,Billy Bonds,-,-,-,,,"Aug 10, 1994",1629,Glenn Roeder,-,-,,1994
Arsenal FC,Bruce Rioch,38,5,1.66,Arsenal FC 2:1 Bolton Wanderers,2:1,"Jun 30, 1996",365,Stewart Houston,-,-,Arsenal FC  Bolton Wanderers,1995
Chelsea FC,Glenn Hoddle,38,11,1.32,Chelsea FC 2:3 Blackburn Rovers,2:3,"Jun 30, 1996",1095,Gianluca Vialli,-,-,Chelsea FC  Blackburn Rovers,1995
Southampton FC,Dave Merrington,38,17,1.00,Southampton FC 0:0 Wimbledon FC (- 2004),0:0,"Jun 14, 1996",336,Graeme Souness,-,-,Southampton FC  Wimbledon FC (- 2004),1995
Bolton Wanderers,Roy McFarland,22,20,0.45,Sheffield Wednesday 4:2 Bolton Wanderers,4:2,"Jan 7, 1996",180,Phil Brown,-,-,Sheffield Wednesday  Bolton Wanderers,1995
Southampton FC,Lawrie McMenemy,-,-,-,,,"Jul 14, 1995",12,Dave Merrington,17,1.00,,1995
Everton FC,Dave Watson,38,15,0.86,Everton FC 1:2 Chelsea FC,1:2,"Jun 30, 1997",121,Walter Smith,-,-,Everton FC  Chelsea FC,1996
Southampton FC,Graeme Souness,38,16,1.08,Aston Villa 1:0 Southampton FC,1:0,"Jun 1, 1997",333,Dave Jones,-,-,Aston Villa  Southampton FC,1996
Blackburn Rovers,Tony Parkes,38,13,1.36,Blackburn Rovers 2:4 Leicester City,2:4,"Jun 1, 1997",219,Roy Hodgson,-,-,Blackburn Rovers  Leicester City,1996
Everton FC,Joe Royle,30,11,1.16,Everton FC 0:2 Manchester United,0:2,"Mar 27, 1997",868,Howard Kendall,-,-,Everton FC  Manchester United,1996
Newcastle United,Terry McDermott,23,4,1.00,Aston Villa 2:2 Newcastle United,2:2,"Jan 14, 1997",6,Sir Kenny Dalglish,2,1.88,Aston Villa 2:1 Newcastle United,1996
Newcastle United,Kevin Keegan,22,4,1.76,Charlton Athletic 1:1 Newcastle United,1:1,"Jan 8, 1997",1799,Terry McDermott,4,1.00,Charlton Athletic 2:2 Newcastle United,1996
Nottingham Forest,Frank Clark,17,20,0.59,Liverpool FC 4:2 Nottingham Forest,4:2,"Dec 19, 1996",1317,Dave Bassett,-,-,Liverpool FC  Nottingham Forest,1996
Coventry City,Ron Atkinson,15,19,0.73,Derby County 2:1 Coventry City,2:1,"Nov 30, 1996",668,Roland Nilsson,-,-,Derby County  Coventry City,1996
Blackburn Rovers,Ray Harford,10,20,0.40,Blackburn Rovers 0:1 Stockport County,0:1,"Oct 25, 1996",482,Tony Parkes,13,1.36,Blackburn Rovers 2:1 Stockport County,1996
Arsenal FC,Pat Rice,8,3,3.00,Arsenal FC 2:0 Sunderland AFC,2:0,"Sep 30, 1996",14,Arsène Wenger,3,1.70,Arsenal FC 0:2 Sunderland AFC,1996
Arsenal FC,Stewart Houston,5,7,1.25,Arsenal FC 2:3 Borussia Mönchengladbach,2:3,"Sep 13, 1996",32,Pat Rice,3,3.00,Arsenal FC 4:1 Borussia Mönchengladbach,1996
Leeds United,Howard Wilkinson,5,8,1.40,Leeds United 0:4 Manchester United,0:4,"Sep 9, 1996",2889,George Graham,11,1.13,Leeds United 2:1 Manchester United,1996
Newcastle United,Sir Kenny Dalglish,38,13,1.16,Arsenal FC 2:0 Newcastle United,2:0,"Aug 25, 1998",588,Steve Clarke,-,-,Arsenal FC  Newcastle United,1997
Sheffield Wednesday,Ron Atkinson,38,15,1.32,Crystal Palace 1:0 Sheffield Wednesday,1:0,"Jun 30, 1998",241,Danny Wilson,-,-,Crystal Palace  Sheffield Wednesday,1997
Everton FC,Howard Kendall,38,16,1.05,Everton FC 1:1 Coventry City,1:1,"May 10, 1998",317,Walter Smith,-,-,Everton FC  Coventry City,1997
Crystal Palace,Ray Lewington,38,19,1.33,Crystal Palace 1:0 Sheffield Wednesday,1:0,"May 10, 1998",11,Terry Venables,-,-,Crystal Palace  Sheffield Wednesday,1997
Crystal Palace,Attilio Lombardo,36,19,0.86,Crystal Palace 0:3 Manchester United,0:3,"Apr 29, 1998",47,Ray Lewington,19,1.33,Crystal Palace 5:2 Manchester United,1997
Crystal Palace,Steve Coppell,26,18,0.82,Chelsea FC 6:2 Crystal Palace,6:2,"Mar 13, 1998",378,Attilio Lombardo,19,0.86,Chelsea FC 3:1 Crystal Palace,1997
Aston Villa,Brian Little,27,14,1.11,Wimbledon FC (- 2004) 2:1 Aston Villa,2:1,"Feb 24, 1998",1187,John Gregory,7,2.70,Wimbledon FC (- 2004) 2:1 Aston Villa,1997
Tottenham Hotspur,Gerry Francis,14,16,0.93,Liverpool FC 4:0 Tottenham Hotspur,4:0,"Nov 19, 1997",1100,Christian Gross,14,1.29,Liverpool FC 0:1 Tottenham Hotspur,1997
Sheffield Wednesday,Peter Shreeves,14,18,3.00,Sheffield Wednesday 5:0 Bolton Wanderers,5:0,"Nov 14, 1997",11,Danny Wilson,-,-,Sheffield Wednesday  Bolton Wanderers,1997
Sheffield Wednesday,David Pleat,13,19,0.69,Manchester United 6:1 Sheffield Wednesday,6:1,"Nov 3, 1997",856,Peter Shreeves,18,3.00,Manchester United 5:0 Sheffield Wednesday,1997
Crystal Palace,Ron Noades,-,-,-,,,-,,Jack Tresadern,-,-,,1997
Nottingham Forest,Ron Atkinson,38,20,1.00,Nottingham Forest 1:0 Leicester City,1:0,"Jun 30, 1999",180,David Platt,-,-,Nottingham Forest  Leicester City,1998
Wimbledon FC (- 2004),Joe Kinnear,38,16,1.11,Liverpool FC 3:0 Wimbledon FC (- 2004),3:0,"Jun 9, 1999",2698,Egil Olsen,-,-,Liverpool FC  Wimbledon FC (- 2004),1998
Nottingham Forest,Micky Adams,21,20,0.00,Coventry City 4:0 Nottingham Forest,4:0,"Jan 11, 1999",6,David Platt,-,-,Coventry City  Nottingham Forest,1998
Nottingham Forest,Dave Bassett,20,20,0.65,Nottingham Forest 0:1 Portsmouth FC,0:1,"Jan 5, 1999",607,Micky Adams,20,0.00,Nottingham Forest 4:0 Portsmouth FC,1998
Blackburn Rovers,Tony Parkes,15,20,0.00,Leicester City 1:0 Blackburn Rovers,1:0,"Dec 4, 1998",13,Brian Kidd,19,1.13,Leicester City 2:4 Blackburn Rovers,1998
Blackburn Rovers,Roy Hodgson,14,20,0.64,Blackburn Rovers 0:2 Southampton FC,0:2,"Nov 21, 1998",508,Tony Parkes,20,0.00,Blackburn Rovers 2:0 Southampton FC,1998
Liverpool FC,Roy Evans,12,11,1.45,Liverpool FC 1:3 Tottenham Hotspur,1:3,"Nov 11, 1998",1748,Gérard Houllier,7,1.46,Liverpool FC 2:1 Tottenham Hotspur,1998
Tottenham Hotspur,David Pleat,7,13,1.25,Tottenham Hotspur 3:3 Leeds United,3:3,"Oct 1, 1998",24,George Graham,11,1.26,Tottenham Hotspur 0:1 Leeds United,1998
Leeds United,George Graham,6,6,1.67,CS Marítimo 2:4 Leeds United,2:4,"Oct 1, 1998",751,David O'Leary,4,1.81,CS Marítimo 0:1 Leeds United,1998
Tottenham Hotspur,Christian Gross,3,15,1.00,Everton FC 0:1 Tottenham Hotspur,0:1,"Sep 5, 1998",285,David Pleat,13,1.25,Everton FC 2:1 Tottenham Hotspur,1998
Bradford City,Paul Jewell,38,17,0.95,Bradford City 1:0 Liverpool FC,1:0,"Jun 30, 2000",906,Chris Hutchings,-,-,Bradford City  Liverpool FC,1999
Sheffield Wednesday,Peter Shreeves,38,19,1.11,Sheffield Wednesday 4:0 Leicester City,4:0,"Jun 21, 2000",92,Paul Jewell,-,-,Sheffield Wednesday  Leicester City,1999
Wimbledon FC (- 2004),Egil Olsen,36,18,0.89,Bradford City 3:0 Wimbledon FC (- 2004),3:0,"May 1, 2000",305,Terry Burton,18,0.50,Bradford City 2:2 Wimbledon FC (- 2004),1999
Sheffield Wednesday,Danny Wilson,29,19,0.72,Watford FC 1:0 Sheffield Wednesday,1:0,"Mar 21, 2000",624,Peter Shreeves,19,1.11,Watford FC 1:0 Sheffield Wednesday,1999
Southampton FC,Dave Jones,20,17,0.89,Aston Villa 1:0 Southampton FC,1:0,"Jan 27, 2000",948,Stuart Gray,-,-,Aston Villa  Southampton FC,1999
Newcastle United,Steve Clarke,6,19,0.00,Manchester United 5:1 Newcastle United,5:1,"Aug 30, 1999",2,Sir Bobby Robson,11,1.59,Manchester United 1:0 Newcastle United,1999
Newcastle United,Ruud Gullit,5,19,0.20,Newcastle United 1:2 Sunderland AFC,1:2,"Aug 28, 1999",423,Steve Clarke,19,0.00,Newcastle United 5:1 Sunderland AFC,1999
Middlesbrough FC,Bryan Robson,37,17,1.03,Bradford City 1:1 Middlesbrough FC,1:1,"Jun 5, 2001",1435,Steve McClaren,-,-,Bradford City  Middlesbrough FC,2000
Manchester City,Joe Royle,38,18,0.89,Manchester City 1:2 Chelsea FC,1:2,"May 21, 2001",1188,Kevin Keegan,-,-,Manchester City  Chelsea FC,2000
Tottenham Hotspur,David Pleat,30,12,3.00,Tottenham Hotspur 3:0 Coventry City,3:0,"Apr 2, 2001",17,Glenn Hoddle,13,1.40,Tottenham Hotspur 2:1 Coventry City,2000
Southampton FC,Glenn Hoddle,30,7,1.52,Southampton FC 1:0 Everton FC,1:0,"Mar 28, 2001",452,Stuart Gray,10,1.00,Southampton FC 0:3 Everton FC,2000
Tottenham Hotspur,George Graham,29,13,1.24,West Ham United 2:3 Tottenham Hotspur,2:3,"Mar 16, 2001",897,David Pleat,12,3.00,West Ham United 3:0 Tottenham Hotspur,2000
Bradford City,Chris Hutchings,12,19,0.58,Charlton Athletic 2:0 Bradford City,2:0,"Nov 6, 2000",128,Jim Jefferies,20,0.79,Charlton Athletic 2:2 Bradford City,2000
Chelsea FC,Graham Rix,6,17,0.00,Chelsea FC 0:2 Leicester City,0:2,"Sep 17, 2000",4,Claudio Ranieri,6,1.72,Chelsea FC 3:3 Leicester City,2000
Chelsea FC,Gianluca Vialli,5,10,1.20,Newcastle United 0:0 Chelsea FC,0:0,"Sep 12, 2000",942,Graham Rix,17,0.00,Newcastle United 1:0 Chelsea FC,2000
Leicester City,Martin O'Neill,-,-,-,,,"May 31, 2000",1623,Peter Taylor,13,1.26,,2000
Leeds United,David O'Leary,38,5,1.74,Leeds United 1:0 Middlesbrough FC,1:0,"Jun 27, 2002",1365,Terry Venables,-,-,Leeds United  Middlesbrough FC,2001
Leicester City,Dave Bassett,34,20,0.65,Leicester City 0:1 Manchester United,0:1,"Apr 6, 2002",178,Micky Adams,20,1.50,Leicester City 2:2 Manchester United,2001
Everton FC,Walter Smith,29,16,1.03,Middlesbrough FC 3:0 Everton FC,3:0,"Mar 10, 2002",1303,David Moyes,15,1.44,Middlesbrough FC 2:1 Everton FC,2001
Aston Villa,Stuart Gray,25,7,1.00,Fulham FC 0:0 Aston Villa,0:0,"Feb 5, 2002",12,Graham Taylor,8,1.00,Fulham FC 1:1 Aston Villa,2001
Aston Villa,John Deehan,-,-,-,,,"Feb 5, 2002",12,Graham Taylor,8,1.00,,2001
Derby County,Billy McEwan,24,19,0.00,Charlton Athletic 1:0 Derby County,1:0,"Jan 30, 2002",15,John Gregory,19,0.79,Charlton Athletic 1:0 Derby County,2001
Aston Villa,John Gregory,23,7,1.52,Charlton Athletic 1:2 Aston Villa,1:2,"Jan 23, 2002",1428,Stuart Gray,7,1.00,Charlton Athletic 0:0 Aston Villa,2001
Derby County,Colin Todd,22,19,0.93,Aston Villa 2:1 Derby County,2:1,"Jan 14, 2002",98,Billy McEwan,19,0.00,Aston Villa 1:3 Derby County,2001
Southampton FC,Stuart Gray,10,16,0.75,West Ham United 2:0 Southampton FC,2:0,"Oct 21, 2001",205,Paul Sturrock,-,-,West Ham United  Southampton FC,2001
Leicester City,Garry Parker,-,-,-,Leicester City 0:6 Leeds United,0:6,"Oct 10, 2001",10,Dave Bassett,20,0.65,Leicester City 2:0 Leeds United,2001
Derby County,Jim Smith,8,19,0.71,Derby County 0:2 Arsenal FC,0:2,"Oct 7, 2001",2290,Colin Todd,19,0.93,Derby County 5:2 Arsenal FC,2001
Leicester City,Peter Taylor,8,20,0.63,Charlton Athletic 2:0 Leicester City,2:0,"Sep 30, 2001",475,Garry Parker,-,-,Charlton Athletic 0:6 Leicester City,2001
West Ham United,Harry Redknapp,-,-,-,,,"May 9, 2001",2473,Glenn Roeder,7,1.35,,2001
Aston Villa,Graham Taylor,38,16,1.14,Leeds United 3:1 Aston Villa,3:1,"Jun 30, 2003",510,Roy Aitken,-,-,Leeds United  Aston Villa,2002
West Ham United,Sir Trevor Brooking,38,18,2.33,Birmingham City 2:2 West Ham United,2:2,"May 12, 2003",18,Sir Trevor Brooking,18,-,Birmingham City 0:1 West Ham United,2002
Fulham FC,Jean Tigana,33,15,1.19,Liverpool FC 2:0 Fulham FC,2:0,"Apr 17, 2003",1020,Chris Coleman,14,2.00,Liverpool FC 2:1 Fulham FC,2002
Leeds United,Terry Venables,30,15,1.13,Leeds United 2:3 Middlesbrough FC,2:3,"Mar 21, 2003",256,Peter Reid,15,1.63,Leeds United 3:1 Middlesbrough FC,2002
Sunderland AFC,Howard Wilkinson,29,20,0.58,Fulham FC 1:0 Sunderland AFC,1:0,"Mar 10, 2003",151,Mick McCarthy,20,0.00,Fulham FC 0:2 Sunderland AFC,2002
Sunderland AFC,Peter Reid,9,18,0.89,Arsenal FC 3:1 Sunderland AFC,3:1,"Oct 7, 2002",2749,Howard Wilkinson,20,0.58,Arsenal FC 1:1 Sunderland AFC,2002
Chelsea FC,Claudio Ranieri,38,2,2.08,Chelsea FC 1:0 Leeds United,1:0,"Jun 30, 2004",1381,José Mourinho,-,-,Chelsea FC  Leeds United,2003
Liverpool FC,Gérard Houllier,38,4,1.58,Liverpool FC 1:1 Newcastle United,1:1,"Jun 30, 2004",2057,Rafael Benítez,-,-,Liverpool FC  Newcastle United,2003
Tottenham Hotspur,David Pleat,38,14,1.28,Wolverhampton Wanderers 0:2 Tottenham Hotspur,0:2,"Jun 3, 2004",256,Jacques Santini,-,-,Wolverhampton Wanderers  Tottenham Hotspur,2003
Leeds United,Eddie Gray,38,19,0.96,Chelsea FC 1:0 Leeds United,1:0,"May 31, 2004",203,Kevin Blackwell,-,-,Chelsea FC  Leeds United,2003
Southampton FC,Gordon Strachan,25,12,1.24,Arsenal FC 2:0 Southampton FC,2:0,"Feb 13, 2004",865,Paul Sturrock,12,1.27,Arsenal FC 1:1 Southampton FC,2003
Leeds United,Peter Reid,12,20,0.67,Portsmouth FC 6:1 Leeds United,6:1,"Nov 12, 2003",236,Kevin Blackwell,-,-,Portsmouth FC  Leeds United,2003
Tottenham Hotspur,Glenn Hoddle,6,18,0.67,Tottenham Hotspur 1:3 Southampton FC,1:3,"Sep 20, 2003",901,David Pleat,14,1.28,Tottenham Hotspur 0:3 Southampton FC,2003
Portsmouth FC,Velimir Zajec,31,16,0.89,Fulham FC 3:1 Portsmouth FC,3:1,"Apr 7, 2005",134,Alain Perrin,16,1.14,Fulham FC 4:2 Portsmouth FC,2004
Manchester City,Kevin Keegan,29,12,1.24,Manchester City 0:1 Bolton Wanderers,0:1,"Mar 10, 2005",1386,Stuart Pearce,8,1.78,Manchester City 2:1 Bolton Wanderers,2004
Southampton FC,Steve Wigley,16,18,0.64,Manchester United 3:0 Southampton FC,3:0,"Dec 8, 2004",112,Harry Redknapp,20,0.91,Manchester United 2:2 Southampton FC,2004
Portsmouth FC,Harry Redknapp,14,12,1.15,Portsmouth FC 1:3 Manchester City,1:3,"Nov 24, 2004",975,Velimir Zajec,16,0.89,Portsmouth FC 0:1 Manchester City,2004
West Bromwich Albion,Frank Burrows,-,-,-,,,"Nov 8, 2004",11,Bryan Robson,17,0.96,,2004
Tottenham Hotspur,Jacques Santini,12,14,1.08,Tottenham Hotspur 2:3 Charlton Athletic,2:3,"Nov 6, 2004",97,Martin Jol,9,1.50,Tottenham Hotspur 0:3 Charlton Athletic,2004
West Bromwich Albion,Gary Megson,10,16,0.80,Crystal Palace 3:0 West Bromwich Albion,3:0,"Oct 26, 2004",1692,Frank Burrows,-,-,Crystal Palace  West Bromwich Albion,2004
Blackburn Rovers,Tony Parkes,-,-,-,,,"Sep 15, 2004",9,Paul Ince,-,-,,2004
Newcastle United,John Carver,-,-,-,,,"Sep 12, 2004",14,Glenn Roeder,-,-,,2004
Blackburn Rovers,Graeme Souness,4,19,0.50,Blackburn Rovers 1:1 Manchester United,1:1,"Sep 6, 2004",1637,Mark Hughes,15,1.18,Blackburn Rovers 3:0 Manchester United,2004
Newcastle United,Sir Bobby Robson,4,17,0.50,Aston Villa 4:2 Newcastle United,4:2,"Aug 29, 2004",1824,John Carver,-,-,Aston Villa  Newcastle United,2004
Southampton FC,Paul Sturrock,2,10,1.50,Southampton FC 3:2 Blackburn Rovers,3:2,"Aug 23, 2004",172,Harry Redknapp,20,0.91,Southampton FC 2:2 Blackburn Rovers,2004
Middlesbrough FC,Steve McClaren,38,14,1.18,Sevilla FC 4:0 Middlesbrough FC,4:0,"Jun 30, 2006",1825,Colin Cooper,-,-,Sevilla FC  Middlesbrough FC,2005
Charlton Athletic,Alan Curbishley,38,13,1.24,Manchester United 4:0 Charlton Athletic,4:0,"Jun 30, 2006",5455,Iain Dowie,-,-,Manchester United  Charlton Athletic,2005
Sunderland AFC,Kevin Ball,38,20,0.50,Aston Villa 2:1 Sunderland AFC,2:1,"May 8, 2006",63,Niall Quinn,-,-,Aston Villa  Sunderland AFC,2005
Sunderland AFC,Mick McCarthy,28,20,0.36,Manchester City 2:1 Sunderland AFC,2:1,"Mar 6, 2006",1090,Kevin Ball,20,0.50,Manchester City 0:1 Sunderland AFC,2005
Newcastle United,Graeme Souness,24,15,1.13,Manchester City 3:0 Newcastle United,3:0,"Feb 2, 2006",513,Glenn Roeder,7,2.13,Manchester City 2:0 Newcastle United,2005
Portsmouth FC,Joe Jordan,-,-,-,,,"Dec 7, 2005",12,Harry Redknapp,17,1.22,,2005
Portsmouth FC,Alain Perrin,13,17,0.83,Liverpool FC 3:0 Portsmouth FC,3:0,"Nov 24, 2005",231,Joe Jordan,-,-,Liverpool FC  Portsmouth FC,2005
Manchester City,Stuart Pearce,38,14,1.11,Tottenham Hotspur 2:1 Manchester City,2:1,"May 14, 2007",794,Sven-Göran Eriksson,-,-,Tottenham Hotspur  Manchester City,2006
Wigan Athletic,Paul Jewell,38,18,1.00,Sheffield United 1:2 Wigan Athletic,1:2,"May 14, 2007",2162,Chris Hutchings,-,-,Sheffield United  Wigan Athletic,2006
Newcastle United,Glenn Roeder,37,13,1.14,Newcastle United 0:2 Blackburn Rovers,0:2,"May 6, 2007",458,Sam Allardyce,-,-,Newcastle United  Blackburn Rovers,2006
Bolton Wanderers,Sam Allardyce,36,5,1.53,Chelsea FC 2:2 Bolton Wanderers,2:2,"Apr 30, 2007",2750,Sammy Lee,6,0.50,Chelsea FC 3:1 Bolton Wanderers,2006
Fulham FC,Chris Coleman,33,15,1.06,Fulham FC 1:3 Manchester City,1:3,"Apr 10, 2007",1453,Lawrie Sanchez,16,0.80,Fulham FC 1:0 Manchester City,2006
Charlton Athletic,Les Reed,19,20,0.57,Middlesbrough FC 2:0 Charlton Athletic,2:0,"Dec 24, 2006",38,Alan Pardew,19,1.17,Middlesbrough FC 2:1 Charlton Athletic,2006
West Ham United,Alan Pardew,17,19,0.82,Bolton Wanderers 4:0 West Ham United,4:0,"Dec 11, 2006",1148,Alan Curbishley,15,1.29,Bolton Wanderers 1:0 West Ham United,2006
Charlton Athletic,Iain Dowie,12,20,0.73,Wigan Athletic 3:2 Charlton Athletic,3:2,"Nov 15, 2006",137,Les Reed,20,0.57,Wigan Athletic 2:0 Charlton Athletic,2006
Aston Villa,Roy Aitken,-,-,-,,,"Aug 4, 2006",15,Martin O'Neill,11,1.32,,2006
Aston Villa,David O'Leary,-,-,-,,,"Jul 20, 2006",1157,Roy Aitken,-,-,,2006
Blackburn Rovers,Mark Hughes,38,7,1.53,Birmingham City 4:1 Blackburn Rovers,4:1,"Jun 3, 2008",1366,Paul Ince,-,-,Birmingham City  Blackburn Rovers,2007
Manchester City,Sven-Göran Eriksson,38,9,1.45,Middlesbrough FC 8:1 Manchester City,8:1,"Jun 2, 2008",332,Mark Hughes,-,-,Middlesbrough FC  Manchester City,2007
Chelsea FC,Avram Grant,38,2,2.31,Manchester United 6:5 Chelsea FC,6:5,"May 24, 2008",247,Luiz Felipe Scolari,-,-,Manchester United  Chelsea FC,2007
Newcastle United,Nigel Pearson,22,11,0.00,Newcastle United 4:1 Stoke City,4:1,"Jan 16, 2008",7,Kevin Keegan,12,1.06,Newcastle United 0:0 Stoke City,2007
Newcastle United,Sam Allardyce,21,11,1.24,Stoke City 0:0 Newcastle United,0:0,"Jan 9, 2008",239,Nigel Pearson,11,0.00,Stoke City 6:0 Newcastle United,2007
Fulham FC,Billy McKinlay,19,18,0.50,Tottenham Hotspur 5:1 Fulham FC,5:1,"Dec 28, 2007",7,Roy Hodgson,17,1.16,Tottenham Hotspur 1:1 Fulham FC,2007
Fulham FC,Lawrie Sanchez,17,18,0.76,Fulham FC 0:1 Newcastle United,0:1,"Dec 21, 2007",254,Billy McKinlay,18,0.50,Fulham FC 1:1 Newcastle United,2007
Birmingham City,Eric Black,14,16,0.00,Birmingham City 0:2 Portsmouth FC,0:2,"Nov 27, 2007",4,Alex McLeish,19,1.00,Birmingham City 2:3 Portsmouth FC,2007
Birmingham City,Eric Black,14,16,0.00,Birmingham City 0:2 Portsmouth FC,0:2,"Nov 27, 2007",4,Alex McLeish,19,1.00,Birmingham City 2:3 Portsmouth FC,2007
Derby County,Billy Davies,14,20,0.43,Derby County 0:2 Chelsea FC,0:2,"Nov 26, 2007",542,Paul Jewell,20,0.21,Derby County 1:0 Chelsea FC,2007
Wigan Athletic,Frank Barlow,13,19,0.00,Tottenham Hotspur 4:0 Wigan Athletic,4:0,"Nov 18, 2007",13,Steve Bruce,14,1.28,Tottenham Hotspur 2:0 Wigan Athletic,2007
Birmingham City,Steve Bruce,13,15,0.85,Birmingham City 1:2 Aston Villa,1:2,"Nov 18, 2007",2167,Eric Black,16,0.00,Birmingham City 0:2 Aston Villa,2007
Wigan Athletic,Chris Hutchings,12,18,0.67,Wigan Athletic 0:2 Chelsea FC,0:2,"Nov 5, 2007",127,Frank Barlow,19,0.00,Wigan Athletic 4:0 Chelsea FC,2007
Tottenham Hotspur,Martin Jol,10,18,0.70,Tottenham Hotspur 1:2 Getafe CF,1:2,"Oct 25, 2007",1081,Juande Ramos,11,1.39,Tottenham Hotspur 1:2 Getafe CF,2007
Bolton Wanderers,Archie Knox,10,20,0.00,Arsenal FC 2:0 Bolton Wanderers,2:0,"Oct 25, 2007",7,Gary Megson,16,1.14,Arsenal FC 1:1 Bolton Wanderers,2007
Bolton Wanderers,Sammy Lee,9,19,0.56,Bolton Wanderers 0:1 Chelsea FC,0:1,"Oct 17, 2007",170,Archie Knox,20,0.00,Bolton Wanderers 2:0 Chelsea FC,2007
Chelsea FC,José Mourinho,6,5,2.20,Chelsea FC 1:1 Rosenborg BK,1:1,"Sep 20, 2007",1176,Avram Grant,2,2.31,Chelsea FC 2:0 Rosenborg BK,2007
Newcastle United,Alan Shearer,38,18,0.63,Aston Villa 1:0 Newcastle United,1:0,"Jun 30, 2009",89,Chris Hughton,18,-,Aston Villa 1:2 Newcastle United,2008
Wigan Athletic,Steve Bruce,38,11,1.18,Wigan Athletic 1:0 Portsmouth FC,1:0,"Jun 30, 2009",589,Owen Coyle,-,-,Wigan Athletic  Portsmouth FC,2008
Chelsea FC,Guus Hiddink,38,3,2.62,Chelsea FC 2:1 Everton FC,2:1,"Jun 30, 2009",139,Carlo Ancelotti,-,-,Chelsea FC  Everton FC,2008
West Bromwich Albion,Tony Mowbray,38,20,0.84,Blackburn Rovers 0:0 West Bromwich Albion,0:0,"Jun 30, 2009",986,Roberto Di Matteo,-,-,Blackburn Rovers  West Bromwich Albion,2008
Sunderland AFC,Ricky Sbragia,38,16,0.91,Sunderland AFC 2:3 Chelsea FC,2:3,"May 24, 2009",171,Steve Bruce,-,-,Sunderland AFC  Chelsea FC,2008
Newcastle United,Chris Hughton,30,18,0.33,Newcastle United 1:3 Arsenal FC,1:3,"Apr 1, 2009",48,Alan Shearer,18,0.63,Newcastle United 0:2 Arsenal FC,2008
Newcastle United,Joe Kinnear,24,17,1.05,Newcastle United 1:1 Sunderland AFC,1:1,"Feb 11, 2009",138,Chris Hughton,18,0.33,Newcastle United 1:2 Sunderland AFC,2008
Chelsea FC,Luiz Felipe Scolari,25,4,1.96,Chelsea FC 0:0 Hull City,0:0,"Feb 9, 2009",223,Guus Hiddink,3,2.62,Chelsea FC 0:1 Hull City,2008
Portsmouth FC,Tony Adams,25,15,0.67,Portsmouth FC 2:3 Liverpool FC,2:3,"Feb 9, 2009",104,Paul Hart,14,1.08,Portsmouth FC 2:2 Liverpool FC,2008
Blackburn Rovers,Paul Ince,17,19,0.76,Wigan Athletic 3:0 Blackburn Rovers,3:0,"Dec 16, 2008",168,Sam Allardyce,15,1.33,Wigan Athletic 3:0 Blackburn Rovers,2008
Sunderland AFC,Roy Keane,15,18,1.00,Sunderland AFC 1:4 Bolton Wanderers,1:4,"Dec 4, 2008",825,Ricky Sbragia,16,0.91,Sunderland AFC 1:0 Bolton Wanderers,2008
Portsmouth FC,Joe Jordan,-,-,-,,,"Nov 7, 2008",12,Paul Hart,14,1.08,,2008
Tottenham Hotspur,Juande Ramos,8,20,0.25,Udinese Calcio 2:0 Tottenham Hotspur,2:0,"Oct 27, 2008",367,André Villas-Boas,-,-,Udinese Calcio  Tottenham Hotspur,2008
Portsmouth FC,Harry Redknapp,8,7,1.63,SC Braga 3:0 Portsmouth FC,3:0,"Oct 25, 2008",1052,Joe Jordan,-,-,SC Braga  Portsmouth FC,2008
Newcastle United,Chris Hughton,5,19,0.00,Newcastle United 1:2 Tottenham Hotspur,1:2,"Sep 25, 2008",20,Joe Kinnear,17,1.05,Newcastle United 1:2 Tottenham Hotspur,2008
Newcastle United,Kevin Keegan,3,11,1.33,Arsenal FC 3:0 Newcastle United,3:0,"Sep 4, 2008",232,Chris Hughton,19,0.00,Arsenal FC 1:2 Newcastle United,2008
West Ham United,Alan Curbishley,3,6,2.00,West Ham United 4:1 Blackburn Rovers,4:1,"Sep 3, 2008",630,Gianfranco Zola,9,1.29,West Ham United 3:2 Blackburn Rovers,2008
Hull City,Iain Dowie,38,19,0.67,Hull City 0:0 Liverpool FC,0:0,"Jun 30, 2010",106,Nigel Pearson,-,-,Hull City  Liverpool FC,2009
Liverpool FC,Rafael Benítez,38,7,1.66,Hull City 0:0 Liverpool FC,0:0,"Jun 30, 2010",2190,Roy Hodgson,-,-,Hull City  Liverpool FC,2009
Fulham FC,Roy Hodgson,38,12,1.21,Atlético de Madrid 2:1 Fulham FC,2:1,"Jun 30, 2010",915,Ray Lewington,-,-,Atlético de Madrid  Fulham FC,2009
Portsmouth FC,Avram Grant,38,20,0.84,Chelsea FC 1:0 Portsmouth FC,1:0,"Jun 30, 2010",217,Steve Cotterill,-,-,Chelsea FC  Portsmouth FC,2009
West Ham United,Gianfranco Zola,38,17,0.92,West Ham United 1:1 Manchester City,1:1,"May 11, 2010",607,Avram Grant,-,-,West Ham United  Manchester City,2009
Hull City,Phil Brown,30,19,0.83,Hull City 1:2 Arsenal FC,1:2,"Mar 15, 2010",1197,Iain Dowie,19,0.67,Hull City 3:2 Arsenal FC,2009
Burnley FC,Martin Dobson,-,-,-,,,"Jan 13, 2010",3,Brian Laws,18,0.56,,2009
Bolton Wanderers,Steve Wigley,-,-,-,Bolton Wanderers 4:0 Lincoln City,4:0,"Jan 8, 2010",9,Owen Coyle,14,1.11,Bolton Wanderers 0:2 Lincoln City,2009
Burnley FC,Owen Coyle,20,14,1.00,Milton Keynes Dons 1:2 Burnley FC,1:2,"Jan 8, 2010",778,Martin Dobson,-,-,Milton Keynes Dons  Burnley FC,2009
Bolton Wanderers,Chris Evans,-,-,-,,,"Jan 8, 2010",9,Owen Coyle,14,1.11,,2009
Bolton Wanderers,Gary Megson,20,16,1.00,Bolton Wanderers 2:2 Hull City,2:2,"Dec 30, 2009",797,Chris Evans,-,-,Bolton Wanderers  Hull City,2009
Manchester City,Mark Hughes,18,6,1.71,Manchester City 4:3 Sunderland AFC,4:3,"Dec 19, 2009",563,Roberto Mancini,5,1.81,Manchester City 2:0 Sunderland AFC,2009
Portsmouth FC,Paul Groves,-,-,-,,,"Nov 26, 2009",2,Steve Cotterill,-,-,,2009
Portsmouth FC,Ian Woan,-,-,-,,,"Nov 26, 2009",2,Steve Cotterill,-,-,,2009
Portsmouth FC,Paul Hart,13,20,0.54,Stoke City 1:0 Portsmouth FC,1:0,"Nov 24, 2009",288,Paul Groves,-,-,Stoke City  Portsmouth FC,2009
Birmingham City,Alex McLeish,38,18,1.03,Tottenham Hotspur 2:1 Birmingham City,2:1,"Jun 12, 2011",1293,Chris Hughton,-,-,Tottenham Hotspur  Birmingham City,2010
Fulham FC,Mark Hughes,38,8,1.29,Fulham FC 2:2 Arsenal FC,2:2,"Jun 2, 2011",308,Martin Jol,-,-,Fulham FC  Arsenal FC,2010
Aston Villa,Gérard Houllier,38,9,1.21,Aston Villa 1:0 Liverpool FC,1:0,"Jun 1, 2011",265,Alex McLeish,-,-,Aston Villa  Liverpool FC,2010
West Ham United,Kevin Keen,38,20,0.00,West Ham United 0:3 Sunderland AFC,0:3,"May 31, 2011",16,Sam Allardyce,-,-,West Ham United  Sunderland AFC,2010
Chelsea FC,Carlo Ancelotti,38,2,1.87,Everton FC 1:0 Chelsea FC,1:0,"May 22, 2011",690,André Villas-Boas,-,-,Everton FC  Chelsea FC,2010
West Ham United,Avram Grant,37,20,0.89,Wigan Athletic 3:2 West Ham United,3:2,"May 15, 2011",318,Kevin Keen,20,0.00,Wigan Athletic 0:3 West Ham United,2010
West Bromwich Albion,Michael Appleton,-,-,-,,,"Feb 10, 2011",5,Roy Hodgson,11,1.62,,2010
West Bromwich Albion,Roberto Di Matteo,26,17,1.04,Manchester City 3:0 West Bromwich Albion,3:0,"Feb 6, 2011",585,Roy Hodgson,11,1.62,Manchester City 3:3 West Bromwich Albion,2010
Liverpool FC,Roy Hodgson,22,10,1.25,Blackburn Rovers 3:1 Liverpool FC,3:1,"Jan 7, 2011",190,Sir Kenny Dalglish,6,1.83,Blackburn Rovers 1:0 Liverpool FC,2010
Birmingham City,Kristjaan Speakman,-,-,-,,,"Dec 31, 2010",1644,Chris Hughton,-,-,,2010
Blackburn Rovers,Steve Kean,18,13,1.00,Blackburn Rovers 1:1 West Ham United,1:1,"Dec 22, 2010",8,Steve Kean,15,1.05,Blackburn Rovers 1:1 West Ham United,2010
Blackburn Rovers,Sam Allardyce,17,13,1.24,Bolton Wanderers 2:1 Blackburn Rovers,2:1,"Dec 13, 2010",726,Steve Kean,13,1.00,Bolton Wanderers 1:1 Blackburn Rovers,2010
Newcastle United,Peter Beardsley,-,-,-,,,"Dec 8, 2010",2,Alan Pardew,12,1.23,,2010
Newcastle United,Chris Hughton,16,12,1.19,West Bromwich Albion 3:1 Newcastle United,3:1,"Dec 6, 2010",523,Peter Beardsley,-,-,West Bromwich Albion  Newcastle United,2010
Aston Villa,Kevin MacDonald,3,4,2.00,Aston Villa 1:0 Everton FC,1:0,"Sep 9, 2010",31,Gérard Houllier,9,1.21,Aston Villa 2:1 Everton FC,2010
Aston Villa,Martin O'Neill,-,-,-,,,"Aug 9, 2010",1466,Kevin MacDonald,4,2.00,,2010
Fulham FC,Ray Lewington,-,-,-,,,"Jul 29, 2010",28,Mark Hughes,8,1.29,,2010
Swansea City,Brendan Rodgers,38,11,1.24,Swansea City 1:0 Liverpool FC,1:0,"Jun 30, 2012",730,Garry Monk,-,-,Swansea City  Liverpool FC,2011
Wolverhampton Wanderers,Terry Connor,38,20,0.31,Wigan Athletic 3:2 Wolverhampton Wanderers,3:2,"Jun 30, 2012",138,Dean Saunders,-,-,Wigan Athletic  Wolverhampton Wanderers,2011
Tottenham Hotspur,Harry Redknapp,38,4,1.82,Tottenham Hotspur 2:0 Fulham FC,2:0,"Jun 14, 2012",1327,André Villas-Boas,-,-,Tottenham Hotspur  Fulham FC,2011
Chelsea FC,Roberto Di Matteo,38,6,1.64,Bayern Munich 4:5 Chelsea FC,4:5,"Jun 12, 2012",100,Roberto Di Matteo,6,-,Bayern Munich 0:2 Chelsea FC,2011
Norwich City,Paul Lambert,38,12,1.24,Norwich City 2:0 Aston Villa,2:0,"Jun 1, 2012",1017,Chris Hughton,-,-,Norwich City  Aston Villa,2011
Liverpool FC,Sir Kenny Dalglish,38,8,1.37,Swansea City 1:0 Liverpool FC,1:0,"May 16, 2012",494,Brendan Rodgers,-,-,Swansea City  Liverpool FC,2011
West Bromwich Albion,Roy Hodgson,38,10,1.24,West Bromwich Albion 2:3 Arsenal FC,2:3,"May 15, 2012",459,Steve Clarke,-,-,West Bromwich Albion  Arsenal FC,2011
Aston Villa,Alex McLeish,38,16,1.00,Norwich City 2:0 Aston Villa,2:0,"May 14, 2012",332,Paul Lambert,-,-,Norwich City  Aston Villa,2011
Chelsea FC,André Villas-Boas,27,5,1.70,West Bromwich Albion 1:0 Chelsea FC,1:0,"Mar 4, 2012",247,Roberto Di Matteo,6,1.64,West Bromwich Albion 0:2 Chelsea FC,2011
Wolverhampton Wanderers,Mick McCarthy,25,18,0.84,Wolverhampton Wanderers 1:5 West Bromwich Albion,1:5,"Feb 13, 2012",2053,Terry Connor,20,0.31,Wolverhampton Wanderers 2:2 West Bromwich Albion,2011
Queens Park Rangers,Neil Warnock,20,17,0.85,Milton Keynes Dons 1:1 Queens Park Rangers,1:1,"Jan 8, 2012",678,Mark Hughes,17,1.11,Milton Keynes Dons 1:0 Queens Park Rangers,2011
Sunderland AFC,Eric Black,14,17,0.00,Wolverhampton Wanderers 2:1 Sunderland AFC,2:1,"Dec 4, 2011",3,Martin O'Neill,13,1.42,Wolverhampton Wanderers 2:1 Sunderland AFC,2011
Sunderland AFC,Steve Bruce,13,16,0.85,Sunderland AFC 1:2 Wigan Athletic,1:2,"Nov 30, 2011",882,Eric Black,17,0.00,Sunderland AFC 2:1 Wigan Athletic,2011
Chelsea FC,Rafael Benítez,38,3,1.96,Chelsea FC 2:1 Everton FC,2:1,"Jun 30, 2013",220,José Mourinho,-,-,Chelsea FC  Everton FC,2012
Everton FC,David Moyes,38,6,1.66,Chelsea FC 2:1 Everton FC,2:1,"Jun 30, 2013",4126,David Unsworth,-,-,Chelsea FC  Everton FC,2012
Manchester United,Sir Alex Ferguson,38,1,2.34,West Bromwich Albion 5:5 Manchester United,5:5,"Jun 30, 2013",9733,David Moyes,-,-,West Bromwich Albion  Manchester United,2012
Wigan Athletic,Roberto Martínez,38,18,0.95,Wigan Athletic 2:2 Aston Villa,2:2,"May 28, 2013",1443,Owen Coyle,-,-,Wigan Athletic  Aston Villa,2012
Stoke City,Tony Pulis,38,13,1.11,Southampton FC 1:1 Stoke City,1:1,"May 21, 2013",2516,Mark Hughes,-,-,Southampton FC  Stoke City,2012
Manchester City,Brian Kidd,38,2,1.50,Manchester City 2:3 Norwich City,2:3,"May 19, 2013",6,Manuel Pellegrini,-,-,Manchester City  Norwich City,2012
Manchester City,Roberto Mancini,33,2,2.08,Wigan Athletic 1:0 Manchester City,1:0,"May 13, 2013",1241,Brian Kidd,2,1.50,Wigan Athletic 0:2 Manchester City,2012
Sunderland AFC,Martin O'Neill,31,16,1.00,Sunderland AFC 0:1 Manchester United,0:1,"Mar 30, 2013",481,Paolo Di Canio,17,1.14,Sunderland AFC 2:1 Manchester United,2012
Reading FC,Eamonn Dolan †,30,19,0.00,Manchester United 1:0 Reading FC,1:0,"Mar 26, 2013",15,Nigel Adkins,19,0.63,Manchester United 4:1 Reading FC,2012
Reading FC,Brian McDermott,29,19,0.79,Reading FC 1:2 Aston Villa,1:2,"Mar 11, 2013",1180,Eamonn Dolan †,19,0.00,Reading FC 1:0 Aston Villa,2012
Southampton FC,Nigel Adkins,17,17,1.00,Chelsea FC 2:2 Southampton FC,2:2,"Jan 18, 2013",858,Mauricio Pochettino,14,1.19,Chelsea FC 0:0 Southampton FC,2012
Queens Park Rangers,Mark Hughes,12,20,0.33,Queens Park Rangers 1:3 Southampton FC,1:3,"Nov 23, 2012",318,Harry Redknapp,20,0.84,Queens Park Rangers 0:0 Southampton FC,2012
Chelsea FC,Roberto Di Matteo,12,3,2.00,Juventus FC 3:0 Chelsea FC,3:0,"Nov 21, 2012",161,Rafael Benítez,3,1.96,Juventus FC 0:0 Chelsea FC,2012
Southampton FC,Mauricio Pochettino,38,8,1.47,Southampton FC 1:1 Manchester United,1:1,"Jun 30, 2014",528,Ronald Koeman,-,-,Southampton FC  Manchester United,2013
Tottenham Hotspur,Tim Sherwood,38,6,1.86,Tottenham Hotspur 3:0 Aston Villa,3:0,"May 13, 2014",141,Mauricio Pochettino,-,-,Tottenham Hotspur  Aston Villa,2013
West Bromwich Albion,Pepe Mel,38,17,0.88,West Bromwich Albion 1:2 Stoke City,1:2,"May 12, 2014",123,Alan Irvine,-,-,West Bromwich Albion  Stoke City,2013
Manchester United,David Moyes,35,7,1.68,Everton FC 2:0 Manchester United,2:0,"Apr 22, 2014",295,Louis van Gaal,-,-,Everton FC  Manchester United,2013
Norwich City,Chris Hughton,33,17,0.97,Norwich City 0:1 West Bromwich Albion,0:1,"Apr 6, 2014",668,Neil Adams,18,0.20,Norwich City 1:0 West Bromwich Albion,2013
Fulham FC,René Meulensteen,26,20,0.77,Fulham FC 2:3 Liverpool FC,2:3,"Feb 14, 2014",75,Felix Magath,19,1.00,Fulham FC 1:1 Liverpool FC,2013
Swansea City,Michael Laudrup,24,12,1.00,West Ham United 2:0 Swansea City,2:0,"Feb 4, 2014",599,Garry Monk,12,1.29,West Ham United 3:0 Swansea City,2013
Cardiff City,David Kerslake,20,17,0.50,Arsenal FC 2:0 Cardiff City,2:0,"Jan 2, 2014",5,Ole Gunnar Solskjær,20,0.67,Arsenal FC 1:2 Cardiff City,2013
West Bromwich Albion,Keith Downing,20,14,1.50,West Bromwich Albion 1:0 Newcastle United,1:0,"Jan 2, 2014",19,Pepe Mel,17,0.88,West Bromwich Albion 1:1 Newcastle United,2013
Cardiff City,Malky Mackay,18,16,0.94,Cardiff City 0:3 Southampton FC,0:3,"Dec 27, 2013",910,David Kerslake,17,0.50,Cardiff City 2:2 Southampton FC,2013
Tottenham Hotspur,Tim Sherwood,17,7,3.00,Southampton FC 2:3 Tottenham Hotspur,2:3,"Dec 23, 2013",6,Tim Sherwood,6,1.86,Southampton FC 1:2 Tottenham Hotspur,2013
Tottenham Hotspur,André Villas-Boas,16,7,1.69,Tottenham Hotspur 0:5 Liverpool FC,0:5,"Dec 16, 2013",531,Tim Sherwood,7,3.00,Tottenham Hotspur 1:2 Liverpool FC,2013
West Bromwich Albion,Steve Clarke,16,16,0.94,Cardiff City 1:0 West Bromwich Albion,1:0,"Dec 14, 2013",554,Keith Downing,14,1.50,Cardiff City 1:1 West Bromwich Albion,2013
Fulham FC,Martin Jol,13,18,0.77,West Ham United 3:0 Fulham FC,3:0,"Dec 1, 2013",908,René Meulensteen,20,0.77,West Ham United 1:2 Fulham FC,2013
Crystal Palace,Keith Millen,12,19,1.00,Hull City 0:1 Crystal Palace,0:1,"Nov 23, 2013",30,Tony Pulis,11,1.46,Hull City 1:0 Crystal Palace,2013
Crystal Palace,Ian Holloway,8,19,0.38,Crystal Palace 1:4 Fulham FC,1:4,"Oct 23, 2013",353,Keith Millen,19,1.00,Crystal Palace 0:2 Fulham FC,2013
Sunderland AFC,Kevin Ball,7,20,0.00,Sunderland AFC 1:2 Manchester United,1:2,"Oct 7, 2013",14,Gustavo Poyet,14,1.19,Sunderland AFC 4:0 Manchester United,2013
Sunderland AFC,Paolo Di Canio,5,20,0.20,West Bromwich Albion 3:0 Sunderland AFC,3:0,"Sep 22, 2013",175,Kevin Ball,20,0.00,West Bromwich Albion 2:0 Sunderland AFC,2013
Leicester City,Nigel Pearson,38,14,1.08,Leicester City 5:1 Queens Park Rangers,5:1,"Jun 30, 2015",1323,Claudio Ranieri,-,-,Leicester City  Queens Park Rangers,2014
West Ham United,Sam Allardyce,38,12,1.24,Newcastle United 2:0 West Ham United,2:0,"Jun 30, 2015",1460,David Moyes,-,-,Newcastle United  West Ham United,2014
Newcastle United,John Carver,38,15,0.68,Newcastle United 2:0 West Ham United,2:0,"Jun 9, 2015",160,Steve McClaren,-,-,Newcastle United  West Ham United,2014
Queens Park Rangers,Chris Ramsey,37,20,0.79,Queens Park Rangers 2:1 Newcastle United,2:1,"May 18, 2015",103,Chris Ramsey,20,0.00,Queens Park Rangers 0:1 Newcastle United,2014
Sunderland AFC,Gustavo Poyet,29,17,0.90,Sunderland AFC 0:4 Aston Villa,0:4,"Mar 16, 2015",524,Dick Advocaat,16,1.33,Sunderland AFC 1:0 Aston Villa,2014
Aston Villa,Scott Marshall,-,-,-,Aston Villa 2:1 Leicester City,2:1,"Feb 15, 2015",4,Tim Sherwood,17,1.23,Aston Villa 1:2 Leicester City,2014
Aston Villa,Andy Marshall,-,-,-,,,"Feb 15, 2015",4,Tim Sherwood,17,1.23,,2014
Aston Villa,Paul Lambert,25,18,0.88,Hull City 2:0 Aston Villa,2:0,"Feb 11, 2015",984,Scott Marshall,-,-,Hull City 2:1 Aston Villa,2014
Queens Park Rangers,Harry Redknapp,23,19,0.83,Stoke City 3:1 Queens Park Rangers,3:1,"Feb 3, 2015",800,Chris Ramsey,20,0.79,Stoke City 0:1 Queens Park Rangers,2014
Crystal Palace,Keith Millen,20,18,1.00,Aston Villa 0:0 Crystal Palace,0:0,"Jan 2, 2015",6,Alan Pardew,10,1.72,Aston Villa 0:4 Crystal Palace,2014
Newcastle United,Alan Pardew,19,10,1.37,Newcastle United 3:2 Everton FC,3:2,"Jan 2, 2015",1485,Steve McClaren,-,-,Newcastle United  Everton FC,2014
West Bromwich Albion,Rob Kelly,20,17,1.00,West Ham United 1:1 West Bromwich Albion,1:1,"Jan 1, 2015",2,Tony Pulis,13,1.44,West Ham United 7:0 West Bromwich Albion,2014
West Bromwich Albion,Alan Irvine,19,16,0.89,Stoke City 2:0 West Bromwich Albion,2:0,"Dec 29, 2014",181,Rob Kelly,17,1.00,Stoke City 1:1 West Bromwich Albion,2014
Crystal Palace,Neil Warnock,18,18,0.94,Crystal Palace 1:3 Southampton FC,1:3,"Dec 27, 2014",122,Keith Millen,18,1.00,Crystal Palace 2:1 Southampton FC,2014
Crystal Palace,Keith Millen,2,18,0.00,Walsall FC 0:3 Crystal Palace,0:3,"Aug 27, 2014",12,Neil Warnock,18,0.94,Walsall FC 3:3 Crystal Palace,2014
Crystal Palace,Tony Pulis,-,-,-,,,"Aug 14, 2014",263,Keith Millen,18,0.00,,2014
Chelsea FC,Guus Hiddink,38,10,1.52,Chelsea FC 1:1 Leicester City,1:1,"Jun 30, 2016",192,Antonio Conte,-,-,Chelsea FC  Leicester City,2015
Manchester City,Manuel Pellegrini,38,4,1.74,Swansea City 1:1 Manchester City,1:1,"Jun 30, 2016",1095,Pep Guardiola,-,-,Swansea City  Manchester City,2015
Watford FC,Quique Sánchez Flores,38,13,1.18,Watford FC 2:2 Sunderland AFC,2:2,"Jun 30, 2016",365,Walter Mazzarri,-,-,Watford FC  Sunderland AFC,2015
Southampton FC,Ronald Koeman,38,6,1.66,Southampton FC 4:1 Crystal Palace,4:1,"Jun 30, 2016",730,Claude Puel,-,-,Southampton FC  Crystal Palace,2015
Everton FC,David Unsworth,38,11,3.00,Everton FC 3:0 Norwich City,3:0,"Jun 13, 2016",32,Ronald Koeman,-,-,Everton FC  Norwich City,2015
Aston Villa,Eric Black,38,20,0.14,Arsenal FC 4:0 Aston Villa,4:0,"Jun 3, 2016",65,Roberto Di Matteo,-,-,Arsenal FC  Aston Villa,2015
Manchester United,Louis van Gaal,38,5,1.74,Crystal Palace 1:2 Manchester United,1:2,"May 23, 2016",679,José Mourinho,-,-,Crystal Palace  Manchester United,2015
Everton FC,Roberto Martínez,30,12,1.19,Sunderland AFC 3:0 Everton FC,3:0,"May 12, 2016",1072,David Unsworth,11,3.00,Sunderland AFC 3:0 Everton FC,2015
Aston Villa,Rémi Garde,31,20,0.60,Swansea City 1:0 Aston Villa,1:0,"Mar 29, 2016",147,Eric Black,20,0.14,Swansea City 0:4 Aston Villa,2015
Newcastle United,Steve McClaren,29,18,0.86,Newcastle United 1:3 AFC Bournemouth,1:3,"Mar 11, 2016",275,Rafael Benítez,18,1.30,Newcastle United 1:0 AFC Bournemouth,2015
Swansea City,Alan Curtis,22,17,1.14,Swansea City 1:0 Watford FC,1:0,"Jan 18, 2016",39,Francesco Guidolin,12,1.46,Swansea City 1:2 Watford FC,2015
Chelsea FC,José Mourinho,16,16,0.94,Leicester City 2:1 Chelsea FC,2:1,"Dec 17, 2015",899,Guus Hiddink,10,1.52,Leicester City 2:2 Chelsea FC,2015
Swansea City,Garry Monk,15,15,0.93,Swansea City 0:3 Leicester City,0:3,"Dec 9, 2015",673,Alan Curtis,17,1.14,Swansea City 2:1 Leicester City,2015
Aston Villa,Kevin MacDonald,11,20,0.00,Tottenham Hotspur 3:1 Aston Villa,3:1,"Nov 2, 2015",7,Rémi Garde,20,0.60,Tottenham Hotspur 0:0 Aston Villa,2015
Aston Villa,Tim Sherwood,10,20,0.40,Aston Villa 1:2 Swansea City,1:2,"Oct 25, 2015",251,Kevin MacDonald,20,0.00,Aston Villa 2:1 Swansea City,2015
Liverpool FC,Brendan Rodgers,8,10,1.50,Everton FC 1:1 Liverpool FC,1:1,"Oct 4, 2015",1190,Jürgen Klopp,8,1.60,Everton FC 0:0 Liverpool FC,2015
Sunderland AFC,Dick Advocaat,8,19,0.38,Sunderland AFC 2:2 West Ham United,2:2,"Oct 4, 2015",201,Sam Allardyce,17,1.20,Sunderland AFC 1:0 West Ham United,2015
Southampton FC,Claude Puel,38,8,1.21,Southampton FC 0:1 Stoke City,0:1,"Jun 14, 2017",348,Mauricio Pellegrino,-,-,Southampton FC  Stoke City,2016
Middlesbrough FC,Steve Agnew,38,19,0.55,Liverpool FC 3:0 Middlesbrough FC,3:0,"Jun 8, 2017",84,Garry Monk,-,-,Liverpool FC  Middlesbrough FC,2016
Hull City,Marco Silva,38,18,1.17,Hull City 1:7 Tottenham Hotspur,1:7,"May 25, 2017",140,Leonid Slutskiy,-,-,Hull City  Tottenham Hotspur,2016
Crystal Palace,Sam Allardyce,38,14,1.24,Manchester United 2:0 Crystal Palace,2:0,"May 23, 2017",151,Frank de Boer,-,-,Manchester United  Crystal Palace,2016
Sunderland AFC,David Moyes,38,20,0.63,Chelsea FC 5:1 Sunderland AFC,5:1,"May 22, 2017",303,Simon Grayson,-,-,Chelsea FC  Sunderland AFC,2016
Watford FC,Walter Mazzarri,38,17,1.05,Watford FC 0:5 Manchester City,0:5,"May 22, 2017",325,Marco Silva,-,-,Watford FC  Manchester City,2016
Middlesbrough FC,Aitor Karanka,27,18,0.81,Middlesbrough FC 0:2 Manchester City,0:2,"Mar 16, 2017",1219,Steve Agnew,19,0.55,Middlesbrough FC 1:3 Manchester City,2016
Leicester City,Craig Shakespeare,27,15,3.00,Leicester City 3:1 Hull City,3:1,"Mar 11, 2017",15,Craig Shakespeare,12,1.55,Leicester City 3:1 Hull City,2016
Leicester City,Claudio Ranieri,25,17,0.84,Sevilla FC 2:1 Leicester City,2:1,"Feb 23, 2017",591,Craig Shakespeare,15,3.00,Sevilla FC 3:1 Leicester City,2016
Hull City,Mike Phelan,20,20,0.65,West Bromwich Albion 3:1 Hull City,3:1,"Jan 3, 2017",164,Marco Silva,18,1.17,West Bromwich Albion 2:0 Hull City,2016
Swansea City,Alan Curtis,20,19,1.50,Crystal Palace 1:2 Swansea City,1:2,"Jan 3, 2017",7,Paul Clement,15,1.44,Crystal Palace 2:0 Swansea City,2016
Swansea City,Bob Bradley,18,19,0.73,Swansea City 1:4 West Ham United,1:4,"Dec 27, 2016",84,Alan Curtis,19,1.50,Swansea City 0:3 West Ham United,2016
Crystal Palace,Alan Pardew,17,17,0.88,Crystal Palace 0:1 Chelsea FC,0:1,"Dec 22, 2016",719,Sam Allardyce,14,1.24,Crystal Palace 1:1 Chelsea FC,2016
Swansea City,Francesco Guidolin,7,17,0.57,Swansea City 1:2 Liverpool FC,1:2,"Oct 3, 2016",259,Bob Bradley,19,0.73,Swansea City 3:2 Liverpool FC,2016
Hull City,Steve Bruce,-,-,-,,,"Jul 22, 2016",1482,Mike Phelan,20,0.65,,2016
Sunderland AFC,Sam Allardyce,-,-,-,,,"Jul 21, 2016",286,David Moyes,20,0.63,,2016
Arsenal FC,Arsène Wenger,38,6,1.66,Huddersfield Town 0:1 Arsenal FC,0:1,"Jun 30, 2018",7942,Unai Emery,-,-,Huddersfield Town  Arsenal FC,2017
Swansea City,Carlos Carvalhal,38,18,1.11,Swansea City 1:2 Stoke City,1:2,"Jun 30, 2018",184,Graham Potter,-,-,Swansea City  Stoke City,2017
Stoke City,Paul Lambert,38,19,0.87,Swansea City 1:2 Stoke City,1:2,"May 18, 2018",122,Gary Rowett,-,-,Swansea City  Stoke City,2017
West Ham United,David Moyes,38,13,1.22,West Ham United 3:1 Everton FC,3:1,"May 16, 2018",190,Manuel Pellegrini,-,-,West Ham United  Everton FC,2017
Everton FC,Sam Allardyce,38,8,1.42,West Ham United 3:1 Everton FC,3:1,"May 16, 2018",167,Marco Silva,-,-,West Ham United  Everton FC,2017
West Bromwich Albion,Alan Pardew,32,20,0.44,West Bromwich Albion 1:2 Burnley FC,1:2,"Apr 2, 2018",124,Darren Moore,20,1.83,West Bromwich Albion 1:1 Burnley FC,2017
Southampton FC,Mauricio Pellegrino,30,17,0.93,Newcastle United 3:0 Southampton FC,3:0,"Mar 12, 2018",254,Mark Hughes,17,1.00,Newcastle United 0:2 Southampton FC,2017
Watford FC,Marco Silva,24,10,1.08,Leicester City 2:0 Watford FC,2:0,"Jan 21, 2018",239,Javi Gracia,14,1.07,Leicester City 1:0 Watford FC,2017
Stoke City,Eddie Niedzwiecki,23,18,0.00,Manchester United 3:0 Stoke City,3:0,"Jan 15, 2018",7,Paul Lambert,19,0.87,Manchester United 2:0 Stoke City,2017
Stoke City,Mark Hughes,22,18,0.91,Coventry City 2:1 Stoke City,2:1,"Jan 6, 2018",1682,Eddie Niedzwiecki,18,0.00,Coventry City 3:0 Stoke City,2017
Swansea City,Leon Britton,20,20,0.50,Liverpool FC 5:0 Swansea City,5:0,"Dec 28, 2017",7,Carlos Carvalhal,18,1.11,Liverpool FC 1:2 Swansea City,2017
Swansea City,Paul Clement,18,20,0.67,Everton FC 3:1 Swansea City,3:1,"Dec 20, 2017",350,Leon Britton,20,0.50,Everton FC 1:1 Swansea City,2017
Everton FC,David Unsworth,14,13,1.40,Everton FC 4:0 West Ham United,4:0,"Nov 30, 2017",37,Sam Allardyce,8,1.42,Everton FC 2:0 West Ham United,2017
West Bromwich Albion,Gary Megson,14,17,1.00,West Bromwich Albion 2:2 Newcastle United,2:2,"Nov 29, 2017",9,Alan Pardew,20,0.44,West Bromwich Albion 0:0 Newcastle United,2017
West Bromwich Albion,Tony Pulis,12,17,0.83,West Bromwich Albion 0:4 Chelsea FC,0:4,"Nov 20, 2017",1054,Gary Megson,17,1.00,West Bromwich Albion 1:1 Chelsea FC,2017
West Ham United,Slaven Bilic,11,18,0.82,West Ham United 1:4 Liverpool FC,1:4,"Nov 6, 2017",881,David Moyes,13,1.22,West Ham United 2:0 Liverpool FC,2017
Leicester City,Michael Appleton,9,14,3.00,Leicester City 3:1 Leeds United,3:1,"Oct 25, 2017",8,Claude Puel,9,1.31,Leicester City 2:0 Leeds United,2017
Everton FC,Ronald Koeman,9,18,0.89,Everton FC 2:5 Arsenal FC,2:5,"Oct 23, 2017",479,David Unsworth,13,1.40,Everton FC 2:1 Arsenal FC,2017
Leicester City,Craig Shakespeare,8,18,0.75,Leicester City 1:1 West Bromwich Albion,1:1,"Oct 17, 2017",219,Michael Appleton,14,3.00,Leicester City 1:2 West Bromwich Albion,2017
Crystal Palace,Frank de Boer,4,20,0.00,Burnley FC 1:0 Crystal Palace,1:0,"Sep 11, 2017",72,Roy Hodgson,11,1.29,Burnley FC 0:1 Crystal Palace,2017
Newcastle United,Rafael Benítez,38,13,1.18,Fulham FC 0:4 Newcastle United,0:4,"Jun 30, 2019",1206,Steve Bruce,-,-,Fulham FC  Newcastle United,2018
Chelsea FC,Maurizio Sarri,38,3,1.89,Chelsea FC 4:1 Arsenal FC,4:1,"Jun 30, 2019",351,Frank Lampard,-,-,Chelsea FC  Arsenal FC,2018
Brighton & Hove Albion,Chris Hughton,38,17,0.95,Brighton & Hove Albion 1:4 Manchester City,1:4,"May 13, 2019",1594,Graham Potter,-,-,Brighton & Hove Albion  Manchester City,2018
Manchester United,Ole Gunnar Solskjær,30,6,2.46,Wolverhampton Wanderers 2:1 Manchester United,2:1,"Mar 28, 2019",99,Ole Gunnar Solskjær,6,1.00,Wolverhampton Wanderers 1:5 Manchester United,2018
Fulham FC,Claudio Ranieri,28,19,0.75,Southampton FC 2:0 Fulham FC,2:0,"Feb 28, 2019",106,Scott Parker,19,0.90,Southampton FC 1:2 Fulham FC,2018
Leicester City,Adam Sadler,-,-,-,,,"Feb 26, 2019",2,Brendan Rodgers,9,1.70,,2018
Leicester City,Mike Stowell,28,11,3.00,Leicester City 2:1 Brighton & Hove Albion,2:1,"Feb 26, 2019",2,Brendan Rodgers,9,1.70,Leicester City 2:1 Brighton & Hove Albion,2018
Leicester City,Claude Puel,27,12,1.19,Leicester City 1:4 Crystal Palace,1:4,"Feb 24, 2019",487,Mike Stowell,11,3.00,Leicester City 2:1 Crystal Palace,2018
Huddersfield Town,Mark Hudson,23,20,0.00,Huddersfield Town 0:3 Manchester City,0:3,"Jan 21, 2019",7,Jan Siewert,20,0.33,Huddersfield Town 0:1 Manchester City,2018
Huddersfield Town,David Wagner,22,20,0.50,Cardiff City 0:0 Huddersfield Town,0:0,"Jan 14, 2019",1162,Mark Hudson,20,0.00,Cardiff City 0:3 Huddersfield Town,2018
Manchester United,José Mourinho,17,6,1.53,Liverpool FC 3:1 Manchester United,3:1,"Dec 18, 2018",900,Ole Gunnar Solskjær,6,2.46,Liverpool FC 1:5 Manchester United,2018
Southampton FC,Kelvin Davis,15,18,0.00,Tottenham Hotspur 3:1 Southampton FC,3:1,"Dec 5, 2018",2,Ralph Hasenhüttl,16,1.30,Tottenham Hotspur 1:0 Southampton FC,2018
Southampton FC,Mark Hughes,14,18,0.64,Southampton FC 2:2 Manchester United,2:2,"Dec 3, 2018",264,Kelvin Davis,18,0.00,Southampton FC 3:1 Manchester United,2018
Fulham FC,Slavisa Jokanovic,12,20,0.42,Liverpool FC 2:0 Fulham FC,2:0,"Nov 14, 2018",1053,Claudio Ranieri,19,0.75,Liverpool FC 3:2 Fulham FC,2018
Chelsea FC,Antonio Conte,-,-,-,,,"Jul 13, 2018",742,Maurizio Sarri,3,1.89,,2018
Watford FC,Hayden Mullins,38,19,0.00,Arsenal FC 3:2 Watford FC,3:2,"Jul 27, 2020",8,Vladimir Ivic,-,-,Arsenal FC  Watford FC,2019
Watford FC,Nigel Pearson,36,17,1.25,West Ham United 3:1 Watford FC,3:1,"Jul 19, 2020",223,Hayden Mullins,19,0.00,West Ham United 2:0 Watford FC,2019
West Ham United,Manuel Pellegrini,20,17,1.00,West Ham United 1:2 Leicester City,1:2,"Dec 28, 2019",545,David Moyes,16,1.05,West Ham United 4:0 Leicester City,2019
Arsenal FC,Freddie Ljungberg,18,11,1.00,Everton FC 0:0 Arsenal FC,0:0,"Dec 21, 2019",22,Mikel Arteta,8,1.65,Everton FC 1:1 Arsenal FC,2019
Everton FC,Duncan Ferguson,18,15,1.67,Everton FC 0:0 Arsenal FC,0:0,"Dec 21, 2019",16,Carlo Ancelotti,12,1.50,Everton FC 1:0 Arsenal FC,2019
Watford FC,Hayden Mullins,16,20,0.50,Watford FC 0:0 Crystal Palace,0:0,"Dec 8, 2019",6,Nigel Pearson,17,1.25,Watford FC 2:0 Crystal Palace,2019
Everton FC,Marco Silva,15,18,0.93,Liverpool FC 5:2 Everton FC,5:2,"Dec 5, 2019",553,Duncan Ferguson,15,1.67,Liverpool FC 3:1 Everton FC,2019
Watford FC,Quique Sánchez Flores,14,20,0.70,Southampton FC 2:1 Watford FC,2:1,"Dec 1, 2019",85,Hayden Mullins,20,0.50,Southampton FC 2:0 Watford FC,2019
Arsenal FC,Unai Emery,13,8,1.38,Arsenal FC 1:2 Eintracht Frankfurt,1:2,"Nov 29, 2019",516,Freddie Ljungberg,11,1.00,Arsenal FC 2:2 Eintracht Frankfurt,2019
Tottenham Hotspur,Mauricio Pochettino,12,14,1.17,Tottenham Hotspur 1:1 Sheffield United,1:1,"Nov 19, 2019",1967,José Mourinho,6,1.73,Tottenham Hotspur 2:3 Sheffield United,2019
Watford FC,Javi Gracia,4,20,0.25,Newcastle United 1:1 Watford FC,1:1,"Sep 7, 2019",594,Quique Sánchez Flores,20,0.70,Newcastle United 2:2 Watford FC,2019
Tottenham Hotspur,Ryan Mason,38,7,2.00,Leicester City 2:4 Tottenham Hotspur,2:4,"Jun 30, 2021",71,Nuno Espírito Santo,-,-,Leicester City  Tottenham Hotspur,2020
Crystal Palace,Roy Hodgson,38,14,1.16,Liverpool FC 2:0 Crystal Palace,2:0,"Jun 30, 2021",1387,Patrick Vieira,-,-,Liverpool FC  Crystal Palace,2020
Everton FC,Carlo Ancelotti,38,10,1.55,Manchester City 5:0 Everton FC,5:0,"Jun 30, 2021",556,Rafael Benítez,-,-,Manchester City  Everton FC,2020
West Bromwich Albion,Sam Allardyce,38,19,0.76,Leeds United 3:1 West Bromwich Albion,3:1,"Jun 30, 2021",196,Valérien Ismaël,-,-,Leeds United  West Bromwich Albion,2020
Fulham FC,Scott Parker,38,18,0.74,Fulham FC 0:2 Newcastle United,0:2,"Jun 30, 2021",853,Marco Silva,-,-,Fulham FC  Newcastle United,2020
Wolverhampton Wanderers,Nuno Espírito Santo,38,13,1.18,Wolverhampton Wanderers 1:2 Manchester United,1:2,"Jun 30, 2021",1460,Bruno Lage,-,-,Wolverhampton Wanderers  Manchester United,2020
Sheffield United,Paul Heckingbottom,38,20,0.90,Sheffield United 1:0 Burnley FC,1:0,"Jun 30, 2021",109,Slavisa Jokanovic,-,-,Sheffield United  Burnley FC,2020
Tottenham Hotspur,José Mourinho,32,7,1.56,Everton FC 2:2 Tottenham Hotspur,2:2,"Apr 19, 2021",516,Ryan Mason,7,2.00,Everton FC 2:1 Tottenham Hotspur,2020
Sheffield United,Chris Wilder,27,20,0.50,Sheffield United 0:2 Southampton FC,0:2,"Mar 12, 2021",1765,Paul Heckingbottom,20,0.90,Sheffield United 5:0 Southampton FC,2020
Chelsea FC,Frank Lampard,18,10,1.53,Chelsea FC 3:1 Luton Town,3:1,"Jan 25, 2021",571,Thomas Tuchel,4,2.00,Chelsea FC 0:0 Luton Town,2020
West Bromwich Albion,Slaven Bilic,13,19,0.54,Manchester City 1:1 West Bromwich Albion,1:1,"Dec 16, 2020",534,Sam Allardyce,19,0.76,Manchester City 0:3 West Bromwich Albion,2020
Burnley FC,Mike Jackson,38,18,1.38,Burnley FC 1:2 Newcastle United,1:2,"Jun 30, 2022",76,Vincent Kompany,-,-,Burnley FC  Newcastle United,2021
Watford FC,Roy Hodgson,38,19,0.50,Chelsea FC 2:1 Watford FC,2:1,"Jun 30, 2022",156,Rob Edwards,-,-,Chelsea FC  Watford FC,2021
Manchester United,Ralf Rangnick,38,6,1.54,Crystal Palace 1:0 Manchester United,1:0,"May 31, 2022",179,Erik ten Hag,-,-,Crystal Palace  Manchester United,2021
Burnley FC,Sean Dyche,32,18,0.80,Norwich City 2:0 Burnley FC,2:0,"Apr 15, 2022",3454,Mike Jackson,18,1.38,Norwich City 1:1 Burnley FC,2021
Leeds United,Marcelo Bielsa,27,18,0.88,Leeds United 0:4 Tottenham Hotspur,0:4,"Feb 27, 2022",1337,Jesse Marsch,17,1.25,Leeds United 1:0 Tottenham Hotspur,2021
Everton FC,Duncan Ferguson,23,14,0.00,Everton FC 0:1 Aston Villa,0:1,"Jan 30, 2022",12,Frank Lampard,16,1.11,Everton FC 4:1 Aston Villa,2021
Watford FC,Claudio Ranieri,23,20,0.54,Watford FC 0:3 Norwich City,0:3,"Jan 24, 2022",112,Roy Hodgson,19,0.50,Watford FC 0:0 Norwich City,2021
Everton FC,Rafael Benítez,22,14,1.00,Norwich City 2:1 Everton FC,2:1,"Jan 16, 2022",199,Duncan Ferguson,14,0.00,Norwich City 0:1 Everton FC,2021
Manchester United,Michael Carrick,14,7,2.00,Manchester United 3:2 Arsenal FC,3:2,"Dec 3, 2021",12,Ralf Rangnick,6,1.54,Manchester United 1:0 Arsenal FC,2021
Manchester United,Ole Gunnar Solskjær,12,8,1.42,Watford FC 4:1 Manchester United,4:1,"Nov 21, 2021",969,Michael Carrick,7,2.00,Watford FC 0:2 Manchester United,2021
Aston Villa,Dean Smith,11,16,0.91,Southampton FC 1:0 Aston Villa,1:0,"Nov 7, 2021",1124,Steven Gerrard,14,1.30,Southampton FC 2:0 Aston Villa,2021
Newcastle United,Graeme Jones,11,19,0.67,Brighton & Hove Albion 1:1 Newcastle United,1:1,"Nov 7, 2021",18,Eddie Howe,11,1.63,Brighton & Hove Albion 3:3 Newcastle United,2021
Norwich City,Daniel Farke,11,20,0.45,Brentford FC 1:2 Norwich City,1:2,"Nov 6, 2021",1589,Dean Smith,20,0.63,Brentford FC 2:1 Norwich City,2021
Tottenham Hotspur,Nuno Espírito Santo,10,9,1.50,Tottenham Hotspur 0:3 Manchester United,0:3,"Nov 1, 2021",123,Antonio Conte,4,2.00,Tottenham Hotspur 3:2 Manchester United,2021
Newcastle United,Steve Bruce,8,19,0.38,Newcastle United 2:3 Tottenham Hotspur,2:3,"Oct 20, 2021",826,Graeme Jones,19,0.67,Newcastle United 1:1 Tottenham Hotspur,2021
Watford FC,Xisco Muñoz,7,15,1.00,Leeds United 1:0 Watford FC,1:0,"Oct 3, 2021",287,Claudio Ranieri,20,0.54,Leeds United 0:5 Watford FC,2021
Leeds United,Sam Allardyce,38,19,0.25,Leeds United 1:4 Tottenham Hotspur,1:4,"Jun 30, 2023",58,Daniel Farke,-,-,Leeds United  Tottenham Hotspur,2022
Southampton FC,Rubén Sellés,38,20,0.47,Southampton FC 4:4 Liverpool FC,4:4,"Jun 30, 2023",126,Russell Martin,-,-,Southampton FC  Liverpool FC,2022
Chelsea FC,Frank Lampard,38,12,0.56,Chelsea FC 1:1 Newcastle United,1:1,"Jun 30, 2023",85,Mauricio Pochettino,-,-,Chelsea FC  Newcastle United,2022
Leicester City,Dean Smith,38,18,1.13,Leicester City 2:1 West Ham United,2:1,"Jun 30, 2023",80,Enzo Maresca,-,-,Leicester City  West Ham United,2022
Tottenham Hotspur,Ryan Mason,38,8,1.17,Leeds United 1:4 Tottenham Hotspur,1:4,"Jun 30, 2023",67,Ange Postecoglou,-,-,Leeds United  Tottenham Hotspur,2022
AFC Bournemouth,Gary O'Neil,38,15,1.00,Everton FC 1:0 AFC Bournemouth,1:0,"Jun 19, 2023",203,Andoni Iraola,-,-,Everton FC  AFC Bournemouth,2022
Leeds United,Javi Gracia,34,17,1.00,AFC Bournemouth 4:1 Leeds United,4:1,"May 2, 2023",67,Sam Allardyce,19,0.25,AFC Bournemouth 2:1 Leeds United,2022
Tottenham Hotspur,Cristian Stellini,32,7,1.00,Newcastle United 6:1 Tottenham Hotspur,6:1,"Apr 24, 2023",29,Ryan Mason,8,1.17,Newcastle United 2:2 Tottenham Hotspur,2022
Leicester City,Adam Sadler,30,19,0.00,Leicester City 0:1 AFC Bournemouth,0:1,"Apr 10, 2023",7,Dean Smith,18,1.13,Leicester City 3:1 AFC Bournemouth,2022
Leicester City,Mike Stowell,-,-,-,,,"Apr 10, 2023",7,Dean Smith,18,1.13,,2022
Chelsea FC,Bruno Saltor,8,11,1.00,Chelsea FC 0:0 Liverpool FC,0:0,"Apr 5, 2023",2,Frank Lampard,12,0.56,Chelsea FC 1:0 Liverpool FC,2022
Leicester City,Brendan Rodgers,29,19,0.89,Crystal Palace 2:1 Leicester City,2:1,"Apr 2, 2023",1495,Adam Sadler,19,0.00,Crystal Palace 1:2 Leicester City,2022
Chelsea FC,Graham Potter,29,11,1.27,Chelsea FC 0:2 Aston Villa,0:2,"Apr 2, 2023",206,Bruno Saltor,11,1.00,Chelsea FC 0:0 Aston Villa,2022
Tottenham Hotspur,Antonio Conte,28,5,1.75,Southampton FC 3:3 Tottenham Hotspur,3:3,"Mar 26, 2023",509,Cristian Stellini,7,1.00,Southampton FC 1:1 Tottenham Hotspur,2022
Crystal Palace,Patrick McCarthy,28,13,0.00,Arsenal FC 4:1 Crystal Palace,4:1,"Mar 20, 2023",3,Roy Hodgson,11,1.80,Arsenal FC 2:1 Crystal Palace,2022
Crystal Palace,Patrick Vieira,8,14,1.00,Brighton & Hove Albion 1:0 Crystal Palace,1:0,"Mar 17, 2023",621,Patrick McCarthy,13,0.00,Brighton & Hove Albion 4:1 Crystal Palace,2022
Southampton FC,Rubén Sellés,24,20,3.00,Chelsea FC 0:1 Southampton FC,0:1,"Feb 23, 2023",10,Rubén Sellés,20,0.47,Chelsea FC 7:6 Southampton FC,2022
Leeds United,Michael Skubala,24,16,0.33,Everton FC 1:0 Leeds United,1:0,"Feb 23, 2023",16,Javi Gracia,17,1.00,Everton FC 1:0 Leeds United,2022
Southampton FC,Nathan Jones,23,20,0.38,Southampton FC 1:2 Wolverhampton Wanderers,1:2,"Feb 12, 2023",94,Rubén Sellés,20,3.00,Southampton FC 7:6 Wolverhampton Wanderers,2022
Leeds United,Jesse Marsch,22,14,0.90,Nottingham Forest 1:0 Leeds United,1:0,"Feb 6, 2023",343,Michael Skubala,16,0.33,Nottingham Forest 2:2 Leeds United,2022
Everton FC,Paul Tait,-,-,-,,,"Jan 29, 2023",5,Sean Dyche,17,1.17,,2022
Everton FC,Leighton Baines,-,-,-,,,"Jan 29, 2023",5,Sean Dyche,17,1.17,,2022
Everton FC,Frank Lampard,21,19,0.75,West Ham United 2:0 Everton FC,2:0,"Jan 23, 2023",357,Paul Tait,-,-,West Ham United  Everton FC,2022
AFC Bournemouth,Gary O'Neil,16,15,1.18,AFC Bournemouth 3:0 Everton FC,3:0,"Nov 27, 2022",89,Gary O'Neil,15,1.00,AFC Bournemouth 0:0 Everton FC,2022
Wolverhampton Wanderers,Steve Davis,16,20,0.57,Wolverhampton Wanderers 0:2 Arsenal FC,0:2,"Nov 13, 2022",41,Julen Lopetegui,13,1.35,Wolverhampton Wanderers 2:0 Arsenal FC,2022
Southampton FC,Rubén Sellés,-,-,-,Southampton FC 7:6 Sheffield Wednesday,7:6,"Nov 9, 2022",1,Nathan Jones,20,0.38,Southampton FC 3:1 Sheffield Wednesday,2022
Southampton FC,Ralph Hasenhüttl,15,18,0.86,Southampton FC 1:4 Newcastle United,1:4,"Nov 7, 2022",1432,Rubén Sellés,-,-,Southampton FC 7:6 Newcastle United,2022
Aston Villa,Aaron Danks,14,13,1.50,Newcastle United 4:0 Aston Villa,4:0,"Oct 31, 2022",10,Unai Emery,7,1.96,Newcastle United 3:1 Aston Villa,2022
Aston Villa,Steven Gerrard,12,14,0.82,Fulham FC 3:0 Aston Villa,3:0,"Oct 20, 2022",343,Aaron Danks,13,1.50,Fulham FC 4:0 Aston Villa,2022
Wolverhampton Wanderers,Bruno Lage,9,18,0.75,West Ham United 2:0 Wolverhampton Wanderers,2:0,"Oct 2, 2022",458,Steve Davis,20,0.57,West Ham United 3:0 Wolverhampton Wanderers,2022
Brighton & Hove Albion,Andrew Crofts,-,-,-,,,"Sep 17, 2022",9,Roberto De Zerbi,6,1.53,,2022
Chelsea FC,Thomas Tuchel,6,6,1.67,GNK Dinamo Zagreb 1:0 Chelsea FC,1:0,"Sep 7, 2022",589,Graham Potter,11,1.27,GNK Dinamo Zagreb 1:1 Chelsea FC,2022
Brighton & Hove Albion,Graham Potter,6,4,2.17,Brighton & Hove Albion 5:2 Leicester City,5:2,"Sep 7, 2022",1206,Andrew Crofts,-,-,Brighton & Hove Albion  Leicester City,2022
AFC Bournemouth,Scott Parker,4,17,0.75,Liverpool FC 9:0 AFC Bournemouth,9:0,"Aug 30, 2022",425,Gary O'Neil,15,1.18,Liverpool FC 0:0 AFC Bournemouth,2022
